{"cameraMode":{"drawMode":0,"name":"Shaded","section":"Shading Mode"},"sceneLighting":false,"audioPlay":false,"sceneViewState":{"m_AlwaysRefresh":false,"showFog":true,"showSkybox":false,"showFlares":true,"showImageEffects":true,"showParticleSystems":true,"showVisualEffectGraphs":true,"m_FxEnabled":true},"in2DMode":false,"pivot":{"x":257.11181640625,"y":185.84030151367188,"z":153.95343017578126},"rotation":{"x":0.007895919494330883,"y":0.9917406439781189,"z":-0.0760166347026825,"w":0.10301332920789719},"size":1.9501227140426636,"orthographic":true}