{"cameraMode":{"drawMode":0,"name":"Shaded","section":"Shading Mode"},"sceneLighting":false,"audioPlay":false,"sceneViewState":{"m_AlwaysRefresh":false,"showFog":true,"showSkybox":false,"showFlares":true,"showImageEffects":true,"showParticleSystems":true,"showVisualEffectGraphs":true,"m_FxEnabled":true},"in2DMode":false,"pivot":{"x":257.11181640625,"y":185.84030151367188,"z":153.95343017578126},"rotation":{"x":-0.012795806862413884,"y":0.9869168996810913,"z":0.10101602971553803,"w":0.12501385807991029},"size":1.3712972402572632,"orthographic":true}