{"cameraMode":{"drawMode":0,"name":"Shaded","section":"Shading Mode"},"sceneLighting":false,"audioPlay":false,"sceneViewState":{"m_AlwaysRefresh":false,"showFog":true,"showSkybox":false,"showFlares":true,"showImageEffects":true,"showParticleSystems":true,"showVisualEffectGraphs":true,"m_FxEnabled":true},"in2DMode":false,"pivot":{"x":-2.1508398056030275,"y":0.06000041961669922,"z":0.3400001525878906},"rotation":{"x":0.05173814669251442,"y":-0.595153272151947,"z":0.0384407602250576,"w":0.8010239005088806},"size":12.337672233581543,"orthographic":true}