{"cameraMode":{"drawMode":0,"name":"Shaded","section":"Shading Mode"},"sceneLighting":false,"audioPlay":false,"sceneViewState":{"m_AlwaysRefresh":false,"showFog":true,"showSkybox":false,"showFlares":true,"showImageEffects":true,"showParticleSystems":true,"showVisualEffectGraphs":true,"m_FxEnabled":true},"in2DMode":false,"pivot":{"x":-6.7426347732543949,"y":1.5638048648834229,"z":0.4891815185546875},"rotation":{"x":0.09316432476043701,"y":-0.8731379508972168,"z":0.18418601155281068,"w":0.4416533410549164},"size":1.237906575202942,"orthographic":true}