{"cameraMode":{"drawMode":0,"name":"Shaded","section":"Shading Mode"},"sceneLighting":true,"audioPlay":false,"sceneViewState":{"m_AlwaysRefresh":false,"showFog":true,"showSkybox":true,"showFlares":true,"showImageEffects":true,"showParticleSystems":true,"showVisualEffectGraphs":true,"m_FxEnabled":true},"in2DMode":false,"pivot":{"x":1004.0665893554688,"y":728.0435791015625,"z":-0.5177383422851563},"rotation":{"x":0.022428486496210099,"y":0.07849331200122833,"z":0.001769804977811873,"w":-0.9966673254966736},"size":112.4051742553711,"orthographic":false}