{"cameraMode":{"drawMode":0,"name":"Shaded","section":"Shading Mode"},"sceneLighting":true,"audioPlay":false,"sceneViewState":{"m_AlwaysRefresh":false,"showFog":true,"showSkybox":true,"showFlares":true,"showImageEffects":true,"showParticleSystems":true,"showVisualEffectGraphs":true,"m_FxEnabled":true},"in2DMode":false,"pivot":{"x":-0.20574739575386048,"y":1.7432341575622559,"z":-0.16840219497680665},"rotation":{"x":-0.02547081746160984,"y":-0.045561473816633227,"z":0.0011617266573011876,"w":-0.9986381530761719},"size":1.089127540588379,"orthographic":false}