{"cameraMode":{"drawMode":0,"name":"Shaded","section":"Shading Mode"},"sceneLighting":true,"audioPlay":false,"sceneViewState":{"m_AlwaysRefresh":false,"showFog":true,"showSkybox":true,"showFlares":true,"showImageEffects":true,"showParticleSystems":true,"showVisualEffectGraphs":true,"m_FxEnabled":true},"in2DMode":false,"pivot":{"x":1278.224365234375,"y":-95.64080810546875,"z":2053.16162109375},"rotation":{"x":-0.11662829667329788,"y":0.042290374636650088,"z":-0.004966809414327145,"w":-0.9922674894332886},"size":1507.0286865234375,"orthographic":false}