{"cameraMode":{"drawMode":0,"name":"Shaded","section":"Shading Mode"},"sceneLighting":false,"audioPlay":false,"sceneViewState":{"m_AlwaysRefresh":false,"showFog":true,"showSkybox":false,"showFlares":true,"showImageEffects":true,"showParticleSystems":true,"showVisualEffectGraphs":true,"m_FxEnabled":true},"in2DMode":false,"pivot":{"x":-0.6113232374191284,"y":2.1019821166992189,"z":0.7760137915611267},"rotation":{"x":0.2461225986480713,"y":0.06825882941484451,"z":-0.01737992651760578,"w":0.9666789174079895},"size":3.1714179515838625,"orthographic":false}