{"cameraMode":{"drawMode":0,"name":"Shaded","section":"Shading Mode"},"sceneLighting":false,"audioPlay":false,"sceneViewState":{"m_AlwaysRefresh":false,"showFog":true,"showSkybox":false,"showFlares":true,"showImageEffects":true,"showParticleSystems":true,"showVisualEffectGraphs":true,"m_FxEnabled":true},"in2DMode":false,"pivot":{"x":7.261124134063721,"y":-0.002293698489665985,"z":13.212079048156739},"rotation":{"x":0.04733441397547722,"y":-0.7107680439949036,"z":0.04804984852671623,"w":0.7001857161521912},"size":0.6578933000564575,"orthographic":true}