{"cameraMode":{"drawMode":0,"name":"Shaded","section":"Shading Mode"},"sceneLighting":false,"audioPlay":false,"sceneViewState":{"m_AlwaysRefresh":false,"showFog":true,"showSkybox":false,"showFlares":true,"showImageEffects":true,"showParticleSystems":true,"showVisualEffectGraphs":true,"m_FxEnabled":true},"in2DMode":false,"pivot":{"x":256.7901611328125,"y":185.2230682373047,"z":155.42596435546876},"rotation":{"x":0.0017709018429741264,"y":0.9981046915054321,"z":-0.05094761401414871,"w":0.03474697843194008},"size":0.06659698486328125,"orthographic":false}