{"cameraMode":{"drawMode":0,"name":"Shaded","section":"Shading Mode"},"sceneLighting":false,"audioPlay":false,"sceneViewState":{"m_AlwaysRefresh":false,"showFog":true,"showSkybox":false,"showFlares":true,"showImageEffects":true,"showParticleSystems":true,"showVisualEffectGraphs":true,"m_FxEnabled":true},"in2DMode":false,"pivot":{"x":256.2724914550781,"y":185.00375366210938,"z":152.89218139648438},"rotation":{"x":-0.0006725711282342672,"y":0.998622477054596,"z":-0.05097416788339615,"w":-0.013185473158955574},"size":3.066596746444702,"orthographic":false}