{"cameraMode":{"drawMode":0,"name":"Shaded","section":"Shading Mode"},"sceneLighting":false,"audioPlay":false,"sceneViewState":{"m_AlwaysRefresh":false,"showFog":true,"showSkybox":false,"showFlares":true,"showImageEffects":true,"showParticleSystems":true,"showVisualEffectGraphs":true,"m_FxEnabled":true},"in2DMode":false,"pivot":{"x":22.265464782714845,"y":-2.5691041946411135,"z":13.267043113708496},"rotation":{"x":-0.026749420911073686,"y":0.8591371774673462,"z":0.04514649882912636,"w":0.5090527534484863},"size":1.7901263236999512,"orthographic":true}