{"cameraMode":{"drawMode":0,"name":"Shaded","section":"Shading Mode"},"sceneLighting":false,"audioPlay":false,"sceneViewState":{"m_AlwaysRefresh":false,"showFog":true,"showSkybox":false,"showFlares":true,"showImageEffects":true,"showParticleSystems":true,"showVisualEffectGraphs":true,"m_FxEnabled":true},"in2DMode":false,"pivot":{"x":22.265464782714845,"y":-2.5691041946411135,"z":13.267043113708496},"rotation":{"x":0.046289101243019107,"y":0.26295551657676699,"z":-0.012631607241928578,"w":0.9636165499687195},"size":0.7127728462219238,"orthographic":true}