{"cameraMode":{"drawMode":0,"name":"Shaded","section":"Shading Mode"},"sceneLighting":false,"audioPlay":false,"sceneViewState":{"m_AlwaysRefresh":false,"showFog":true,"showSkybox":false,"showFlares":true,"showImageEffects":true,"showParticleSystems":true,"showVisualEffectGraphs":true,"m_FxEnabled":true},"in2DMode":false,"pivot":{"x":7.259847640991211,"y":0.0025728652253746988,"z":13.208377838134766},"rotation":{"x":0.03364715725183487,"y":-0.9116159081459045,"z":0.07620369642972946,"w":0.40251487493515017},"size":0.8572930097579956,"orthographic":true}