{"cameraMode":{"drawMode":0,"name":"Shaded","section":"Shading Mode"},"sceneLighting":false,"audioPlay":false,"sceneViewState":{"m_AlwaysRefresh":false,"showFog":true,"showSkybox":false,"showFlares":true,"showImageEffects":true,"showParticleSystems":true,"showVisualEffectGraphs":true,"m_FxEnabled":true},"in2DMode":false,"pivot":{"x":0.17896844446659089,"y":1.748213291168213,"z":-0.003445863723754883},"rotation":{"x":0.003273702459409833,"y":-0.9965196251869202,"z":0.047870028764009479,"w":0.0682673305273056},"size":1.2122539281845093,"orthographic":true}