{"cameraMode":{"drawMode":0,"name":"Shaded","section":"Shading Mode"},"sceneLighting":false,"audioPlay":false,"sceneViewState":{"m_AlwaysRefresh":false,"showFog":true,"showSkybox":false,"showFlares":true,"showImageEffects":true,"showParticleSystems":true,"showVisualEffectGraphs":true,"m_FxEnabled":true},"in2DMode":false,"pivot":{"x":2.9040844440460207,"y":0.9884500503540039,"z":20.329999923706056},"rotation":{"x":0.2153608500957489,"y":0.6329554915428162,"z":-0.1895715743303299,"w":0.7190626859664917},"size":2.2808611392974855,"orthographic":true}