{"cameraMode":{"drawMode":0,"name":"Shaded","section":"Shading Mode"},"sceneLighting":false,"audioPlay":false,"sceneViewState":{"m_AlwaysRefresh":false,"showFog":true,"showSkybox":false,"showFlares":true,"showImageEffects":true,"showParticleSystems":true,"showVisualEffectGraphs":true,"m_FxEnabled":true},"in2DMode":false,"pivot":{"x":7.249929428100586,"y":0.5959529280662537,"z":13.145284652709961},"rotation":{"x":-0.11673444509506226,"y":-0.6318952441215515,"z":0.09705225378274918,"w":-0.7600427865982056},"size":2.8710947036743166,"orthographic":false}