{"cameraMode":{"drawMode":0,"name":"Shaded","section":"Shading Mode"},"sceneLighting":false,"audioPlay":false,"sceneViewState":{"m_AlwaysRefresh":false,"showFog":true,"showSkybox":false,"showFlares":true,"showImageEffects":true,"showParticleSystems":true,"showVisualEffectGraphs":true,"m_FxEnabled":true},"in2DMode":false,"pivot":{"x":21.03684425354004,"y":-7.863088130950928,"z":5.975484371185303},"rotation":{"x":-0.000978577067144215,"y":-0.9990339279174805,"z":-0.03147986903786659,"w":0.030878257006406785},"size":1.4743516445159913,"orthographic":true}