{"cameraMode":{"drawMode":0,"name":"Shaded","section":"Shading Mode"},"sceneLighting":false,"audioPlay":false,"sceneViewState":{"m_AlwaysRefresh":false,"showFog":true,"showSkybox":false,"showFlares":true,"showImageEffects":true,"showParticleSystems":true,"showVisualEffectGraphs":true,"m_FxEnabled":true},"in2DMode":false,"pivot":{"x":3.2939910888671877,"y":1.7238919734954835,"z":16.78626251220703},"rotation":{"x":0.0016748373163864017,"y":0.9948791265487671,"z":-0.09971771389245987,"w":0.01671248860657215},"size":2.366025447845459,"orthographic":false}